{
    "features": {
        "codeChainsEnabled": false
    },
    "vbcs.dt.version": "20231205-24.04.4",
    "migration": {
        "2304": [
            "ReferenceToNumberFieldTypeMigrator",
            "SetHistoryTypeMigrator"
        ]
    },
    "version": "1.0",
    "source.version": "2304",
    "rootURL": "VBCookBook2",
    "dependencies": {
        "upgrade": "micro",
        "paths": {
            "jet": "https://static.oracle.com/cdn/jet/13.1.7",
            "telemetry": "https://static.oracle.com/cdn/trace/7.2.1",
            "visualRuntime": "https://static.oracle.com/cdn/vb/2304.0.2"
        }
    }
}