{
  "description": "",
  "variables": {
    "detail": {
      "required": true,
      "type": "any",
      "input": "fromCaller"
    },
    "key": {
      "required": true,
      "type": "any",
      "input": "fromCaller"
    },
    "current": {
      "required": true,
      "type": "any",
      "input": "fromCaller"
    }
  },
  "root": "updateFAServerStatusBusy",
  "actions": {
    "getAttachmentId": {
      "module": "vb/action/builtin/callModuleFunctionAction",
      "parameters": {
        "module": "{{$page.functions}}",
        "functionName": "getRealAttachedDocumentId",
        "params": [
          "{{ $chain.variables.current.row }}"
        ]
      },
      "outcomes": {
        "success": "callGetAttachmentRestEndpoint"
      }
    },
    "callDownloadFunction": {
      "module": "vb/action/builtin/callModuleFunctionAction",
      "parameters": {
        "module": "{{$page.functions}}",
        "functionName": "download",
        "params": [
          "{{ $chain.results.callGetAttachmentRestEndpoint.body }}",
          "{{ $chain.variables.current.row.UploadedFileContentType }}",
          "{{ $chain.variables.current.row.FileName }}"
        ]
      },
      "outcomes": {
        "success": "updateFAServerStatusReady"
      }
    },
    "fireErrorNotification": {
      "module": "vb/action/builtin/fireNotificationEventAction",
      "parameters": {
        "displayMode": "persist",
        "type": "error",
        "summary": "Download failed"
      },
      "outcomes": {
        "success": "updateFAServerStatusReady"
      }
    },
    "updateFAServerStatusReady": {
      "module": "vb/action/builtin/assignVariablesAction",
      "parameters": {
        "$page.variables.faServerBusy": {
          "source": "{{ false }}"
        }
      }
    },
    "updateFAServerStatusBusy": {
      "module": "vb/action/builtin/assignVariablesAction",
      "outcomes": {
        "success": "getAttachmentId"
      },
      "parameters": {
        "$page.variables.faServerBusy": {
          "source": "{{ true }}"
        }
      }
    },
    "callGetAttachmentRestEndpoint": {
      "module": "vb/action/builtin/restAction",
      "parameters": {
        "endpoint": "activities_vb/get_activities-Attachments-FileContents",
        "uriParams": {
          "activities_Id": "{{ $page.variables.testingActivityId }}",
          "activities_Attachments_Id": "{{ $chain.results.getAttachmentId }}"
        },
        "responseBodyFormat": "blob"
      },
      "outcomes": {
        "success": "callDownloadFunction",
        "failure": "fireErrorNotification"
      }
    }
  }
}