{
  "title": "Eating Non-Numbers Recipe",
  "description": "",
  "variables": {
    "currentValue": {
      "type": "number"
    }
  },
  "metadata": {},
  "types": {},
  "chains": {},
  "eventListeners": {
    "ojInputNumberKeypress": {
      "preventDefault": "{{ !$page.functions.isValidChar($event) }}",
      "chains": [
        {
          "chainId": "InputNumberKeypressChain",
          "parameters": {
            "detail": "{{ $event.detail }}"
          }
        }
      ]
    }
  },
  "imports": {
    "components": {
      "oj-form-layout": {
        "path": "ojs/ojformlayout"
      },
      "oj-input-number": {
        "path": "ojs/ojinputnumber"
      }
    }
  },
  "routerFlow": ""
}